keys,ru,en
MENU_CLASSIC,Классика,Classic
MENU_TWO_PLAYER,Два игрока,Two players
COMMON_CONTINUE,Продолжить,Continue
COMMON_FREE,Бесплатно,Free
SETTINGS_TITLE,Настройки,Settings
COMMON_EXIT,Выйти,Exit
WORD_DATABASE_LABEL,База слов:,Database:
VERSION_LABEL,Версия:,Version:
CLEAR_THEME_CONFIRM,Очистить тему?,Clear the category?
YES,Да,Yes
NO,Нет,No
EXIT_GAME_CONFIRM,Хотите выйти?,Do you want to quit?
GUESSED,Отгадано,Guessed
RESULT_VICTORY,ПОБЕДА,VICTORY
RESULT_DEFEAT,ПОРАЖЕНИЕ,DEFEAT
INPUT_WORD,Введите слово,Input the word
NO_CATEGORY,Без темы,No category
THEME_SPORT,СПОРТ,SPORT
THEME_GEOGRAPHY,ГЕОГРАФИЯ,GEOGRAPHY
THEME_NATURE,ПРИРОДА,NATURE
THEME_TECHNICS,ТЕХНИКА,TECHNICS
THEME_PEOPLE,ЛЮДИ,PEOPLE
THEME_FOOD,ЕДА,FOOD
THEME_SCIENCE,НАУКА,SCIENCE
THEME_HISTORY,ИСТОРИЯ,HISTORY
THEME_GENERAL,ОБЩЕЕ,GENERAL
THEME_FILM_MUSIC,КИНО И МУЗЫКА,FILM AND MUSIC
CATEGORY_COMPLETED,Тема завершена!,Category is completed!
CHECK_WORD,Проверить слово,Check the word
VIBRATION,Вибрация,Vibration
ERROR_GENERIC,Ошибка! Что-то пошло не так.,Error! Something goes wrong.
SOUND_MUSIC,Звуки и музыка,Sounds and music
LANGUAGE_RU_SHORT,Рус,Rus
LANGUAGE_EN_SHORT,Eng,Eng
ON,Вкл,On
OFF,Выкл,Off
RANDOM_WORD,Случайное,Random
START_GAME,Начать игру,Start game
TOAST_WORD_FOUND,Слово найдено,Word found
TOAST_WORD_NOT_FOUND,Слово не найдено,Word not found
TOAST_ERROR,Ошибка сети,Error
TOAST_AD_NOT_READY,Реклама еще не готова,The ad isn't ready yet
COIN_STORE_TITLE,МОНЕТЫ,COINS
COINS_EARNED,Монеты: +%d,Coins: +%d
LEVEL_LABEL,Уровень,Level
CHALLENGE_SHORT_LABEL,Сложный,Hard
LEVEL_FAILURE,НЕУДАЧА,FAILURE
LEVEL_COMPLETED_BONUS,Уровень пройден! Бонус: +%d,Level completed! Bonus: +%d
CHAIN_TRY_BETTER,Вы можете лучше,You can do better
CHOOSE_THEME,Выберите тему,Choose a category
PLAY_GAME,Играть,Play
CONTINUE_SELECTED_THEME,Продолжите выбранную тему,Continue the selected category
CHALLENGE_LEVEL_PLUS_TWO_WORDS,УСЛОЖНЁННЫЙ УРОВЕНЬ • +2 СЛОВА,CHALLENGE LEVEL • +2 WORDS
NO_THEMES_AVAILABLE,Нет доступных тем,No categories available
EXIT_LEVEL_HEART_WARNING,Вы потеряете одну жизнь!,You will lose one life!
EXIT_PROGRESS_WARNING,Вы потеряете свой прогресс,You will lose your progress
EXIT_LEVEL_CONFIRM,Хотите выйти?,Exit level?
ATTEMPTS_LABEL,Попытки,Attempts
THEME_LABEL,Тема,Theme
EXTRA_ATTEMPTS_TITLE,Продолжить?,Continue?
EXTRA_ATTEMPTS_DESCRIPTION,"Добавьте %d попытки,
чтобы продолжить игру","Add %d attempts
to continue the game"
EXTRA_ATTEMPTS_DESCRIPTION_MANY,"Добавьте %d попыток,
чтобы продолжить игру","Add %d attempts
to continue the game"
HEART_REFILL_TITLE,БОЛЬШЕ ЖИЗНЕЙ!,MORE LIVES!
HEART_NEXT_LIFE,Следующая жизнь:,Next life:
HEART_GET_ONE,ПОЛУЧИТЬ 1,GET 1
HEART_REFILL,ВОСПОЛНИТЬ,REFILL
NO_THANKS,"НЕТ, СПАСИБО","NO, THANKS"
REWARD_GET_X2,Получить Х2,Get X2
REWARD_MAIN_PRIZE,ГЛАВНЫЙ ПРИЗ,MAIN PRIZE
REWARD_LEVEL_FINISHED,КОНЕЦ УРОВНЯ,LEVEL COMPLETE
REWARD_STAGE_COMPLETED,ЭТАП ПРОЙДЕН,STAGE COMPLETE
REWARD_STAGE_FAILED,НЕУДАЧА!,FAILURE!
REWARD_DOUBLE,Удвоить награду,Double reward
LEVEL_NUMBER,Уровень %d,Level %d
COMMON_MAX,Макс,Max
COMPACT_THOUSANDS_SUFFIX,к,k
NEXT_THEME_UNLOCK,НОВАЯ ТЕМА,NEW THEME
NEW_THEME_UNLOCKED,ТЕМА ОТКРЫТА!,THEME UNLOCKED!
LEVEL_STARS_EARNED,Заработано звезд:,Stars earned:
LANGUAGE_RU_NAME,Русский,Russian
LANGUAGE_EN_NAME,Английский,English
WORD_LANGUAGE_CHANGE_CONFIRM_TITLE,Сменить язык?,Change language?
WORD_LANGUAGE_CHANGE_CURRENT_LEVEL,Текущий уровень для языка %s: %d,Current level for language %s: %d
LEGAL_PRIVACY_LINK,Конфиденциальность,Privacy
LEGAL_TERMS_LINK,Условия,Terms
LEGAL_CONSENT_TEXT,"[center]Пожалуйста, прочитайте и примите наши [url=terms][u][color=#%s]Условия обслуживания[/color][/u][/url] и [url=privacy][u][color=#%s]Политику[/color][/u][/url][/center]",[center]Please read and accept our [url=terms][u][color=#%s]Terms of Service[/color][/u][/url] and [url=privacy][u][color=#%s]Privacy Policy[/color][/u][/url][/center]
LEGAL_WELCOME_TITLE,Добро пожаловать,Welcome
LEGAL_ACCEPT,Принять,Accept
QUIZ_FEEDBACK_LIGHTNING,МОЛНИЕНОСНО!,LIGHTNING FAST!
QUIZ_FEEDBACK_FAST,ВОТ ЭТО СКОРОСТЬ!,THAT WAS FAST!
QUIZ_FEEDBACK_CORRECT,ВЕРНО!,CORRECT!
LEVEL_COMPLETED_TITLE,УРОВЕНЬ ПРОЙДЕН,LEVEL COMPLETED
AD_BANNER_PLACEHOLDER,YANDEX ADS • ADAPTIVE STICKY,YANDEX ADS • ADAPTIVE STICKY
THEME_NEW_BADGE,НОВАЯ,NEW
USER_CONSENT_TITLE,Настройка рекламы,Personalized Ads
USER_CONSENT_ACCEPT,Принять,Accept
USER_CONSENT_DENY,Отклонить,Deny
USER_CONSENT_DESCRIPTION,"Мы и наши рекламные партнёры можем использовать данные об устройстве и взаимодействии с рекламой, чтобы подбирать более подходящие объявления и измерять их эффективность.

Вы можете отказаться — игра останется доступна, но реклама может быть менее персонализированной.","We and our advertising partners may use device data and information about how you interact with ads to show you more relevant ads and measure their effectiveness.

You can decline — the game will remain available, but the ads you see may be less personalized."
SETTINGS_PERSONALIZED_ADS,Персонализированная реклама,Personalized Ads
CONSENT_SAVE_ERROR,Не удалось сохранить выбор. Попробуйте ещё раз.,Could not save your choice. Please try again.
